<odoo>
    <data>
        <record id="l10n_co_cei_settings.responsabilidad_fiscal_6" model="l10n_co_cei_settings.responsabilidad_fiscal">
            <field name="significado">Gran contribuyente</field>
            <field name="codigo_fe_dian">O-13</field>
        </record>
        <record id="l10n_co_cei_settings.responsabilidad_fiscal_8" model="l10n_co_cei_settings.responsabilidad_fiscal">
            <field name="significado">Autorretenedor</field>
            <field name="codigo_fe_dian">O-15</field>
        </record>
        <record id="l10n_co_cei_settings.responsabilidad_fiscal_13" model="l10n_co_cei_settings.responsabilidad_fiscal">
            <field name="significado">Agente de retención IVA</field>
            <field name="codigo_fe_dian">O-23</field>
        </record>
        <record id="l10n_co_cei_settings.responsabilidad_fiscal_21" model="l10n_co_cei_settings.responsabilidad_fiscal">
            <field name="significado">Régimen Simple de Tributación</field>
            <field name="codigo_fe_dian">O-47</field>
        </record>
        <record id="l10n_co_cei_settings.responsabilidad_fiscal_30" model="l10n_co_cei_settings.responsabilidad_fiscal">
            <field name="significado">No aplica – Otros</field>
            <field name="codigo_fe_dian">R-99-PN</field>
        </record>
    </data>
</odoo>