{
   "country": [
      {          "alfa_dos": "AF",          "nombre_iso": "Afganist\u00e1n",          "alfa_tres": "AFG",          "codigo_numerico": "004","codigo_dian_exogena":"013"       },
      {          "alfa_dos": "AL",          "nombre_iso": "Albania",          "alfa_tres": "ALB",          "codigo_numerico": "008","codigo_dian_exogena":"017"       },
      {          "alfa_dos": "DE",          "nombre_iso": "Alemania",          "alfa_tres": "DEU",          "codigo_numerico": "276","codigo_dian_exogena":"023"       },
      {          "alfa_dos": "AM",          "nombre_iso": "Armenia",          "alfa_tres": "ARM",          "codigo_numerico": "051","codigo_dian_exogena":"026"       },
      {          "alfa_dos": "AW",          "nombre_iso": "Aruba",          "alfa_tres": "ABW",          "codigo_numerico": "533","codigo_dian_exogena":"027"       },
      {          "alfa_dos": "BA",          "nombre_iso": "Bosnia y Herzegovina",          "alfa_tres": "BIH",          "codigo_numerico": "070","codigo_dian_exogena":"029"       },
      {          "alfa_dos": "BF",          "nombre_iso": "Burkina Faso",          "alfa_tres": "BFA",          "codigo_numerico": "854","codigo_dian_exogena":"031"       },
      {          "alfa_dos": "AD",          "nombre_iso": "Andorra",          "alfa_tres": "AND",          "codigo_numerico": "020","codigo_dian_exogena":"037"       },
      {          "alfa_dos": "AO",          "nombre_iso": "Angola",          "alfa_tres": "AGO",          "codigo_numerico": "024","codigo_dian_exogena":"040"       },
      {          "alfa_dos": "AI",          "nombre_iso": "Anguila",          "alfa_tres": "AIA",          "codigo_numerico": "660","codigo_dian_exogena":"041"       },
      {          "alfa_dos": "AG",          "nombre_iso": "Antigua y Barbuda",          "alfa_tres": "ATG",          "codigo_numerico": "028","codigo_dian_exogena":"043"       },
      {          "alfa_dos": "SA",          "nombre_iso": "Arabia Saudita",          "alfa_tres": "SAU",          "codigo_numerico": "682","codigo_dian_exogena":"053"       },
      {          "alfa_dos": "DZ",          "nombre_iso": "Argelia",          "alfa_tres": "DZA",          "codigo_numerico": "012","codigo_dian_exogena":"059"       },
      {          "alfa_dos": "AR",          "nombre_iso": "Argentina",          "alfa_tres": "ARG",          "codigo_numerico": "032","codigo_dian_exogena":"063"       },
      {          "alfa_dos": "AU",          "nombre_iso": "Australia",          "alfa_tres": "AUS",          "codigo_numerico": "036","codigo_dian_exogena":"069"       },
      {          "alfa_dos": "AT",          "nombre_iso": "Austria",          "alfa_tres": "AUT",          "codigo_numerico": "040","codigo_dian_exogena":"072"       },
      {          "alfa_dos": "AZ",          "nombre_iso": "Azerbaiy\u00e1n",          "alfa_tres": "AZE",          "codigo_numerico": "031","codigo_dian_exogena":"074"       },
      {          "alfa_dos": "BS",          "nombre_iso": "Bahamas (las)",          "alfa_tres": "BHS",          "codigo_numerico": "044","codigo_dian_exogena":"077"       },
      {          "alfa_dos": "BH",          "nombre_iso": "Bahrein",          "alfa_tres": "BHR",          "codigo_numerico": "048","codigo_dian_exogena":"080"       },
      {          "alfa_dos": "BD",          "nombre_iso": "Bangladesh",          "alfa_tres": "BGD",          "codigo_numerico": "050","codigo_dian_exogena":"081"       },
      {          "alfa_dos": "BB",          "nombre_iso": "Barbados",          "alfa_tres": "BRB",          "codigo_numerico": "052","codigo_dian_exogena":"083"       },
      {          "alfa_dos": "BE",          "nombre_iso": "B\u00e9lgica",          "alfa_tres": "BEL",          "codigo_numerico": "056","codigo_dian_exogena":"087"       },
      {          "alfa_dos": "BZ",          "nombre_iso": "Belice",          "alfa_tres": "BLZ",          "codigo_numerico": "084","codigo_dian_exogena":"088"       },
      {          "alfa_dos": "BM",          "nombre_iso": "Bermudas",          "alfa_tres": "BMU",          "codigo_numerico": "060","codigo_dian_exogena":"090"       },
      {          "alfa_dos": "BY",          "nombre_iso": "Belar\u00fas",          "alfa_tres": "BLR",          "codigo_numerico": "112","codigo_dian_exogena":"091"       },
      {          "alfa_dos": "BO",          "nombre_iso": "Bolivia (Estado Plurinacional de)",          "alfa_tres": "BOL",          "codigo_numerico": "068","codigo_dian_exogena":"097"       },
      {          "alfa_dos": "BW",          "nombre_iso": "Botswana",          "alfa_tres": "BWA",          "codigo_numerico": "072","codigo_dian_exogena":"101"       },
      {          "alfa_dos": "BR",          "nombre_iso": "Brasil",          "alfa_tres": "BRA",          "codigo_numerico": "076","codigo_dian_exogena":"105"       },
      {          "alfa_dos": "BN",          "nombre_iso": "Brunei Darussalam",          "alfa_tres": "BRN",          "codigo_numerico": "096","codigo_dian_exogena":"108"       },
      {          "alfa_dos": "BG",          "nombre_iso": "Bulgaria",          "alfa_tres": "BGR",          "codigo_numerico": "100","codigo_dian_exogena":"111"       },
      {          "alfa_dos": "BI",          "nombre_iso": "Burundi",          "alfa_tres": "BDI",          "codigo_numerico": "108","codigo_dian_exogena":"115"       },
      {          "alfa_dos": "BT",          "nombre_iso": "Bhut\u00e1n",          "alfa_tres": "BTN",          "codigo_numerico": "064","codigo_dian_exogena":"119"       },
      {          "alfa_dos": "CV",          "nombre_iso": "Cabo Verde",          "alfa_tres": "CPV",          "codigo_numerico": "132","codigo_dian_exogena":"127"       },
      {          "alfa_dos": "KY",          "nombre_iso": "Caim\u00e1n, (las) Islas",          "alfa_tres": "CYM",          "codigo_numerico": "136","codigo_dian_exogena":"137"       },
      {          "alfa_dos": "KH",          "nombre_iso": "Camboya",          "alfa_tres": "KHM",          "codigo_numerico": "116","codigo_dian_exogena":"141"       },
      {          "alfa_dos": "CM",          "nombre_iso": "Camer\u00fan",          "alfa_tres": "CMR",          "codigo_numerico": "120","codigo_dian_exogena":"145"       },
      {          "alfa_dos": "CA",          "nombre_iso": "Canad\u00e1",          "alfa_tres": "CAN",          "codigo_numerico": "124","codigo_dian_exogena":"149"       },
      {          "alfa_dos": "CC",          "nombre_iso": "Cocos / Keeling, (las)Islas",          "alfa_tres": "CCK",          "codigo_numerico": "166","codigo_dian_exogena":"165"       },
      {          "alfa_dos": "CO",          "nombre_iso": "Colombia",          "alfa_tres": "COL",          "codigo_numerico": "170","codigo_dian_exogena":"169"       },
      {          "alfa_dos": "KM",          "nombre_iso": "Comoras (las)",          "alfa_tres": "CON",          "codigo_numerico": "174","codigo_dian_exogena":"173"       },
      {          "alfa_dos": "CG",          "nombre_iso": "Congo (el) CG COG 1",          "alfa_tres": "COG",          "codigo_numerico": "178","codigo_dian_exogena":"177"       },
      {          "alfa_dos": "CK",          "nombre_iso": "Cook, (las) Islas",          "alfa_tres": "COK",          "codigo_numerico": "184","codigo_dian_exogena":"183"       },
      {          "alfa_dos": "KR",          "nombre_iso": "Corea (la Rep\u00fablica de)",          "alfa_tres": "KOR",          "codigo_numerico": "410","codigo_dian_exogena":"187"       },
      {          "alfa_dos": "KP",          "nombre_iso": "Corea (la Rep\u00fablica Popular Democr\u00e1tica de)",          "alfa_tres": "PRK",          "codigo_numerico": "408","codigo_dian_exogena":"190"       },
      {          "alfa_dos": "CI",          "nombre_iso": "C\u00f4te d\u2019Ivoire",          "alfa_tres": "CIV",          "codigo_numerico": "384","codigo_dian_exogena":"193"       },
      {          "alfa_dos": "CR",          "nombre_iso": "Costa Rica",          "alfa_tres": "CRI",          "codigo_numerico": "188","codigo_dian_exogena":"196"       },
      {          "alfa_dos": "HR",          "nombre_iso": "Croacia",          "alfa_tres": "HRV",          "codigo_numerico": "191","codigo_dian_exogena":"198"       },
      {          "alfa_dos": "CU",          "nombre_iso": "Cuba",          "alfa_tres": "CUB",          "codigo_numerico": "192","codigo_dian_exogena":"199"       },
      {          "alfa_dos": "TD",          "nombre_iso": "Chad",          "alfa_tres": "TCD",          "codigo_numerico": "148","codigo_dian_exogena":"203"       },
      {          "alfa_dos": "CL",          "nombre_iso": "Chile",          "alfa_tres": "CHL",          "codigo_numerico": "152","codigo_dian_exogena":"211"       },
      {          "alfa_dos": "CN",          "nombre_iso": "China",          "alfa_tres": "CHN",          "codigo_numerico": "156","codigo_dian_exogena":"215"       },
      {          "alfa_dos": "TW",          "nombre_iso": "Taiw\u00e1n (Provincia de China)",          "alfa_tres": "TWN",          "codigo_numerico": "158","codigo_dian_exogena":"218"       },
      {          "alfa_dos": "CY",          "nombre_iso": "Chipre",          "alfa_tres": "CYP",          "codigo_numerico": "196","codigo_dian_exogena":"221"       },
      {          "alfa_dos": "BJ",          "nombre_iso": "Benin",          "alfa_tres": "BEN",          "codigo_numerico": "204","codigo_dian_exogena":"229"       },
      {          "alfa_dos": "DK",          "nombre_iso": "Dinamarca",          "alfa_tres": "DNK",          "codigo_numerico": "208","codigo_dian_exogena":"232"       },
      {          "alfa_dos": "DM",          "nombre_iso": "Dominica",          "alfa_tres": "DMA",          "codigo_numerico": "212","codigo_dian_exogena":"235"       },
      {          "alfa_dos": "EC",          "nombre_iso": "Ecuador",          "alfa_tres": "ECU",          "codigo_numerico": "218","codigo_dian_exogena":"239"       },
      {          "alfa_dos": "EG",          "nombre_iso": "Egipto",          "alfa_tres": "EGY",          "codigo_numerico": "818","codigo_dian_exogena":"240"       },
      {          "alfa_dos": "SV",          "nombre_iso": "El Salvador",          "alfa_tres": "SLV",          "codigo_numerico": "222","codigo_dian_exogena":"242"       },
      {          "alfa_dos": "ER",          "nombre_iso": "Eritrea",          "alfa_tres": "ERI",          "codigo_numerico": "232","codigo_dian_exogena":"243"       },
      {          "alfa_dos": "AE",          "nombre_iso": "Emiratos \u00c1rabes Unidos (los)",          "alfa_tres": "ARE",          "codigo_numerico": "784","codigo_dian_exogena":"244"       },
      {          "alfa_dos": "ES",          "nombre_iso": "Espa\u00f1a",          "alfa_tres": "ESP",          "codigo_numerico": "724","codigo_dian_exogena":"245"       },
      {          "alfa_dos": "SK",          "nombre_iso": "Eslovaquia",          "alfa_tres": "SVK",          "codigo_numerico": "703","codigo_dian_exogena":"246"       },
      {          "alfa_dos": "SI",          "nombre_iso": "Eslovenia",          "alfa_tres": "SVN",          "codigo_numerico": "705","codigo_dian_exogena":"247"       },
      {          "alfa_dos": "US",          "nombre_iso": "Estados Unidos de Am\u00e9rica (los)",          "alfa_tres": "USA",          "codigo_numerico": "840","codigo_dian_exogena":"249"       },
      {          "alfa_dos": "EE",          "nombre_iso": "Estonia",          "alfa_tres": "EST",          "codigo_numerico": "233","codigo_dian_exogena":"251"       },
      {          "alfa_dos": "ET",          "nombre_iso": "Etiop\u00eda",          "alfa_tres": "ETH",          "codigo_numerico": "231","codigo_dian_exogena":"253"       },
      {          "alfa_dos": "FO",          "nombre_iso": "Feroe, (las) Islas",          "alfa_tres": "FRO",          "codigo_numerico": "234","codigo_dian_exogena":"259"       },
      {          "alfa_dos": "PH",          "nombre_iso": "Filipinas (las)",          "alfa_tres": "PHL",          "codigo_numerico": "608","codigo_dian_exogena":"267"       },
      {          "alfa_dos": "FI",          "nombre_iso": "Finlandia",          "alfa_tres": "FIN",          "codigo_numerico": "246","codigo_dian_exogena":"271"       },
      {          "alfa_dos": "FR",          "nombre_iso": "Francia",          "alfa_tres": "FRA",          "codigo_numerico": "250","codigo_dian_exogena":"275"       },
      {          "alfa_dos": "GA",          "nombre_iso": "Gab\u00f3n",          "alfa_tres": "GAB",          "codigo_numerico": "266","codigo_dian_exogena":"281"       },
      {          "alfa_dos": "GM",          "nombre_iso": "Gambia (la)",          "alfa_tres": "GMB",          "codigo_numerico": "270","codigo_dian_exogena":"285"       },
      {          "alfa_dos": "GE",          "nombre_iso": "Georgia",          "alfa_tres": "GEO",          "codigo_numerico": "268","codigo_dian_exogena":"287"       },
      {          "alfa_dos": "GH",          "nombre_iso": "Ghana",          "alfa_tres": "GHA",          "codigo_numerico": "288","codigo_dian_exogena":"289"       },
      {          "alfa_dos": "GI",          "nombre_iso": "Gibraltar",          "alfa_tres": "GIB",          "codigo_numerico": "292","codigo_dian_exogena":"293"       },
      {          "alfa_dos": "GD",          "nombre_iso": "Granada",          "alfa_tres": "GRD",          "codigo_numerico": "308","codigo_dian_exogena":"297"       },
      {          "alfa_dos": "GR",          "nombre_iso": "Grecia",          "alfa_tres": "GRC",          "codigo_numerico": "300","codigo_dian_exogena":"301"       },
      {          "alfa_dos": "GL",          "nombre_iso": "Groenlandia",          "alfa_tres": "GRL",          "codigo_numerico": "304","codigo_dian_exogena":"305"       },
      {          "alfa_dos": "GP",          "nombre_iso": "Guadeloupe",          "alfa_tres": "GLP",          "codigo_numerico": "312","codigo_dian_exogena":"309"       },
      {          "alfa_dos": "GU",          "nombre_iso": "Guam",          "alfa_tres": "GUM",          "codigo_numerico": "316","codigo_dian_exogena":"313"       },
      {          "alfa_dos": "GT",          "nombre_iso": "Guatemala",          "alfa_tres": "GTM",          "codigo_numerico": "320","codigo_dian_exogena":"317"       },
      {          "alfa_dos": "GF",          "nombre_iso": "Guayana Francesa",          "alfa_tres": "GUF",          "codigo_numerico": "254","codigo_dian_exogena":"325"       },
      {          "alfa_dos": "GN",          "nombre_iso": "Guinea",          "alfa_tres": "GIN",          "codigo_numerico": "324","codigo_dian_exogena":"329"       },
      {          "alfa_dos": "GQ",          "nombre_iso": "Guinea Ecuatorial",          "alfa_tres": "GNQ",          "codigo_numerico": "226","codigo_dian_exogena":"331"       },
      {          "alfa_dos": "GW",          "nombre_iso": "Guinea Bissau",          "alfa_tres": "GNB",          "codigo_numerico": "624","codigo_dian_exogena":"334"       },
      {          "alfa_dos": "GY",          "nombre_iso": "Guyana",          "alfa_tres": "GUY",          "codigo_numerico": "328","codigo_dian_exogena":"337"       },
      {          "alfa_dos": "HT",          "nombre_iso": "Hait\u00ed",          "alfa_tres": "HTI",          "codigo_numerico": "332","codigo_dian_exogena":"341"       },
      {          "alfa_dos": "HN",          "nombre_iso": "Honduras",          "alfa_tres": "HND",          "codigo_numerico": "340","codigo_dian_exogena":"345"       },
      {          "alfa_dos": "HK",          "nombre_iso": "Hong Kong",          "alfa_tres": "HKG",          "codigo_numerico": "344","codigo_dian_exogena":"351"       },
      {          "alfa_dos": "HU",          "nombre_iso": "Hungr\u00eda",          "alfa_tres": "HUN",          "codigo_numerico": "348","codigo_dian_exogena":"355"       },
      {          "alfa_dos": "IN",          "nombre_iso": "India",          "alfa_tres": "IND",          "codigo_numerico": "356","codigo_dian_exogena":"361"       },
      {          "alfa_dos": "ID",          "nombre_iso": "Indonesia",          "alfa_tres": "IDN",          "codigo_numerico": "360","codigo_dian_exogena":"365"       },
      {          "alfa_dos": "IQ",          "nombre_iso": "Iraq",          "alfa_tres": "IRQ",          "codigo_numerico": "368","codigo_dian_exogena":"369"       },
      {          "alfa_dos": "IR",          "nombre_iso": "Ir\u00e1n (Rep\u00fablica Isl\u00e1mica de)",          "alfa_tres": "IRN",          "codigo_numerico": "364","codigo_dian_exogena":"372"       },
      {          "alfa_dos": "IE",          "nombre_iso": "Irlanda",          "alfa_tres": "IRL",          "codigo_numerico": "372","codigo_dian_exogena":"375"       },
      {          "alfa_dos": "IS",          "nombre_iso": "Islandia",          "alfa_tres": "ISL",          "codigo_numerico": "352","codigo_dian_exogena":"379"       },
      {          "alfa_dos": "IL",          "nombre_iso": "Israel",          "alfa_tres": "ISR",          "codigo_numerico": "376","codigo_dian_exogena":"383"       },
      {          "alfa_dos": "IT",          "nombre_iso": "Italia",          "alfa_tres": "ITA",          "codigo_numerico": "380","codigo_dian_exogena":"386"       },
      {          "alfa_dos": "JM",          "nombre_iso": "Jamaica",          "alfa_tres": "JAM",          "codigo_numerico": "388","codigo_dian_exogena":"391"       },
      {          "alfa_dos": "JP",          "nombre_iso": "Jap\u00f3n",          "alfa_tres": "JPN",          "codigo_numerico": "392","codigo_dian_exogena":"399"       },
      {          "alfa_dos": "JO",          "nombre_iso": "Jordania",          "alfa_tres": "JOR",          "codigo_numerico": "400","codigo_dian_exogena":"403"       },
      {          "alfa_dos": "KZ",          "nombre_iso": "Kazajst\u00e1n",          "alfa_tres": "KAZ",          "codigo_numerico": "398","codigo_dian_exogena":"406"       },
      {          "alfa_dos": "KE",          "nombre_iso": "Kenya",          "alfa_tres": "KEN",          "codigo_numerico": "404","codigo_dian_exogena":"410"       },
      {          "alfa_dos": "KI",          "nombre_iso": "Kiribati",          "alfa_tres": "KIR",          "codigo_numerico": "296","codigo_dian_exogena":"411"       },
      {          "alfa_dos": "KG",          "nombre_iso": "Kirguist\u00e1n",          "alfa_tres": "KGZ",          "codigo_numerico": "417","codigo_dian_exogena":"412"       },
      {          "alfa_dos": "KW",          "nombre_iso": "Kuwait",          "alfa_tres": "KWT",          "codigo_numerico": "414","codigo_dian_exogena":"413"       },
      {          "alfa_dos": "LA",          "nombre_iso": "Lao, (la) Rep\u00fablica Democr\u00e1tica Popular",          "alfa_tres": "LAO",          "codigo_numerico": "418","codigo_dian_exogena":"420"       },
      {          "alfa_dos": "LS",          "nombre_iso": "Lesotho",          "alfa_tres": "LSO",          "codigo_numerico": "426","codigo_dian_exogena":"426"       },
      {          "alfa_dos": "LV",          "nombre_iso": "Letonia",          "alfa_tres": "LVA",          "codigo_numerico": "428","codigo_dian_exogena":"429"       },
      {          "alfa_dos": "LB",          "nombre_iso": "L\u00edbano",          "alfa_tres": "LBN",          "codigo_numerico": "422","codigo_dian_exogena":"431"       },
      {          "alfa_dos": "LR",          "nombre_iso": "Liberia",          "alfa_tres": "LBR",          "codigo_numerico": "430","codigo_dian_exogena":"434"       },
      {          "alfa_dos": "LY",          "nombre_iso": "Libia",          "alfa_tres": "LBY",          "codigo_numerico": "434","codigo_dian_exogena":"438"       },
      {          "alfa_dos": "LI",          "nombre_iso": "Liechtenstein",          "alfa_tres": "LIE",          "codigo_numerico": "438","codigo_dian_exogena":"440"       },
      {          "alfa_dos": "LT",          "nombre_iso": "Lituania",          "alfa_tres": "LTU",          "codigo_numerico": "440","codigo_dian_exogena":"443"       },
      {          "alfa_dos": "LU",          "nombre_iso": "Luxemburgo",          "alfa_tres": "LUX",          "codigo_numerico": "442","codigo_dian_exogena":"445"       },
      {          "alfa_dos": "MO",          "nombre_iso": "Macao",          "alfa_tres": "MAC",          "codigo_numerico": "446","codigo_dian_exogena":"447"       },
      {          "alfa_dos": "MK",          "nombre_iso": "Macedonia (la ex Rep\u00fablica Yugoslava de)",          "alfa_tres": "MKD",          "codigo_numerico": "807","codigo_dian_exogena":"448"       },
      {          "alfa_dos": "MG",          "nombre_iso": "Madagascar",          "alfa_tres": "MDG",          "codigo_numerico": "450","codigo_dian_exogena":"450"       },
      {          "alfa_dos": "MY",          "nombre_iso": "Malasia",          "alfa_tres": "MYS",          "codigo_numerico": "458","codigo_dian_exogena":"455"       },
      {          "alfa_dos": "MW",          "nombre_iso": "Malawi",          "alfa_tres": "MWI",          "codigo_numerico": "454","codigo_dian_exogena":"458"       },
      {          "alfa_dos": "MV",          "nombre_iso": "Maldivas",          "alfa_tres": "MDV",          "codigo_numerico": "462","codigo_dian_exogena":"461"       },
      {          "alfa_dos": "ML",          "nombre_iso": "Mal\u00ed",          "alfa_tres": "MLI",          "codigo_numerico": "466","codigo_dian_exogena":"464"       },
      {          "alfa_dos": "MT",          "nombre_iso": "Malta",          "alfa_tres": "MLT",          "codigo_numerico": "470","codigo_dian_exogena":"467"       },
      {          "alfa_dos": "MP",          "nombre_iso": "Marianas del Norte, (las) Islas",          "alfa_tres": "MNP",          "codigo_numerico": "580","codigo_dian_exogena":"469"       },
      {          "alfa_dos": "MH",          "nombre_iso": "Marshall, (las) Islas",          "alfa_tres": "MHL",          "codigo_numerico": "584","codigo_dian_exogena":"472"       },
      {          "alfa_dos": "MA",          "nombre_iso": "Marruecos",          "alfa_tres": "MAR",          "codigo_numerico": "504","codigo_dian_exogena":"474"       },
      {          "alfa_dos": "MQ",          "nombre_iso": "Martinique",          "alfa_tres": "MTQ",          "codigo_numerico": "474","codigo_dian_exogena":"477"       },
      {          "alfa_dos": "MU",          "nombre_iso": "Mauricio",          "alfa_tres": "MUS",          "codigo_numerico": "480","codigo_dian_exogena":"485"       },
      {          "alfa_dos": "MR",          "nombre_iso": "Mauritania",          "alfa_tres": "MRT",          "codigo_numerico": "478","codigo_dian_exogena":"488"       },
      {          "alfa_dos": "MX",          "nombre_iso": "M\u00e9xico",          "alfa_tres": "MEX",          "codigo_numerico": "484","codigo_dian_exogena":"493"       },
      {          "alfa_dos": "FM",          "nombre_iso": "Micronesia (Estados Federados de)",          "alfa_tres": "FSM",          "codigo_numerico": "583","codigo_dian_exogena":"494"       },
      {          "alfa_dos": "MD",          "nombre_iso": "Moldova (la Rep\u00fablica de)",          "alfa_tres": "MDA",          "codigo_numerico": "498","codigo_dian_exogena":"496"       },
      {          "alfa_dos": "MN",          "nombre_iso": "Mongolia",          "alfa_tres": "MNG",          "codigo_numerico": "496","codigo_dian_exogena":"497"       },
      {          "alfa_dos": "MC",          "nombre_iso": "M\u00f3naco",          "alfa_tres": "MCO",          "codigo_numerico": "492","codigo_dian_exogena":"498"       },
      {          "alfa_dos": "MS",          "nombre_iso": "Montserrat",          "alfa_tres": "MSR",          "codigo_numerico": "500","codigo_dian_exogena":"501"       },
      {          "alfa_dos": "MZ",          "nombre_iso": "Mozambique",          "alfa_tres": "MOZ",          "codigo_numerico": "508","codigo_dian_exogena":"505"       },
      {          "alfa_dos": "NA",          "nombre_iso": "Namibia",          "alfa_tres": "NAM",          "codigo_numerico": "516","codigo_dian_exogena":"507"       },
      {          "alfa_dos": "NR",          "nombre_iso": "Nauru",          "alfa_tres": "NRU",          "codigo_numerico": "520","codigo_dian_exogena":"508"       },
      {          "alfa_dos": "CX",          "nombre_iso": "Navidad, Isla de",          "alfa_tres": "CXR",          "codigo_numerico": "162","codigo_dian_exogena":"511"       },
      {          "alfa_dos": "NP",          "nombre_iso": "Nepal",          "alfa_tres": "NPL",          "codigo_numerico": "524","codigo_dian_exogena":"517"       },
      {          "alfa_dos": "NI",          "nombre_iso": "Nicaragua",          "alfa_tres": "NIC",          "codigo_numerico": "558","codigo_dian_exogena":"521"       },
      {          "alfa_dos": "NE",          "nombre_iso": "N\u00edger (el)",          "alfa_tres": "NER",          "codigo_numerico": "562","codigo_dian_exogena":"525"       },
      {          "alfa_dos": "NG",          "nombre_iso": "Nigeria",          "alfa_tres": "NGA",          "codigo_numerico": "566","codigo_dian_exogena":"528"       },
      {          "alfa_dos": "NU",          "nombre_iso": "Niue",          "alfa_tres": "NIU",          "codigo_numerico": "570","codigo_dian_exogena":"531"       },
      {          "alfa_dos": "NF",          "nombre_iso": "Norfolk, Isla",          "alfa_tres": "NFK",          "codigo_numerico": "574","codigo_dian_exogena":"535"       },
      {          "alfa_dos": "NO",          "nombre_iso": "Noruega",          "alfa_tres": "NOR",          "codigo_numerico": "578","codigo_dian_exogena":"538"       },
      {          "alfa_dos": "NC",          "nombre_iso": "Nueva Caledonia",          "alfa_tres": "NCL",          "codigo_numerico": "540","codigo_dian_exogena":"542"       },
      {          "alfa_dos": "PG",          "nombre_iso": "Pap\u00faa Nueva Guinea",          "alfa_tres": "PNG",          "codigo_numerico": "598","codigo_dian_exogena":"545"       },
      {          "alfa_dos": "NZ",          "nombre_iso": "Nueva Zelanda",          "alfa_tres": "NZL",          "codigo_numerico": "554","codigo_dian_exogena":"548"       },
      {          "alfa_dos": "VU",          "nombre_iso": "Vanuatu",          "alfa_tres": "VUT",          "codigo_numerico": "548","codigo_dian_exogena":"551"       },
      {          "alfa_dos": "OM",          "nombre_iso": "Om\u00e1n",          "alfa_tres": "OMN",          "codigo_numerico": "512","codigo_dian_exogena":"556"       },
      {          "alfa_dos": "UM",          "nombre_iso": "Islas Ultramarinas Menores de los Estados Unidos (las)",          "alfa_tres": "UMI",          "codigo_numerico": "581","codigo_dian_exogena":"566"       },
      {          "alfa_dos": "NL",          "nombre_iso": "Pa\u00edses Bajos (los)",          "alfa_tres": "NLD",          "codigo_numerico": "528","codigo_dian_exogena":"573"       },
      {          "alfa_dos": "PK",          "nombre_iso": "Pakist\u00e1n",          "alfa_tres": "PAK",          "codigo_numerico": "586","codigo_dian_exogena":"576"       },
      {          "alfa_dos": "PW",          "nombre_iso": "Palau",          "alfa_tres": "PLW",          "codigo_numerico": "585","codigo_dian_exogena":"578"       },
      {          "alfa_dos": "PA",          "nombre_iso": "Panam\u00e1",          "alfa_tres": "PAN",          "codigo_numerico": "591","codigo_dian_exogena":"580"       },
      {          "alfa_dos": "PY",          "nombre_iso": "Paraguay",          "alfa_tres": "PRY",          "codigo_numerico": "600","codigo_dian_exogena":"586"       },
      {          "alfa_dos": "PE",          "nombre_iso": "Per\u00fa",          "alfa_tres": "PER",          "codigo_numerico": "604","codigo_dian_exogena":"589"       },
      {          "alfa_dos": "PN",          "nombre_iso": "Pitcairn PN PCN",          "alfa_tres": "PNC",          "codigo_numerico": "612","codigo_dian_exogena":"593"       },
      {          "alfa_dos": "PF",          "nombre_iso": "Polinesia Francesa",          "alfa_tres": "PYF",          "codigo_numerico": "258","codigo_dian_exogena":"599"       },
      {          "alfa_dos": "PL",          "nombre_iso": "Polonia",          "alfa_tres": "POL",          "codigo_numerico": "616","codigo_dian_exogena":"603"       },
      {          "alfa_dos": "PT",          "nombre_iso": "Portugal",          "alfa_tres": "PRT",          "codigo_numerico": "620","codigo_dian_exogena":"607"       },
      {          "alfa_dos": "PR",          "nombre_iso": "Puerto Rico",          "alfa_tres": "PRI",          "codigo_numerico": "630","codigo_dian_exogena":"611"       },
      {          "alfa_dos": "QA",          "nombre_iso": "Qatar",          "alfa_tres": "QAT",          "codigo_numerico": "634","codigo_dian_exogena":"618"       },
      {          "alfa_dos": "GB",          "nombre_iso": "Reino Unido de Gran Breta\u00f1a e Irlanda del Norte (el)",          "alfa_tres": "GBR",          "codigo_numerico": "826","codigo_dian_exogena":"628"       },
      {          "alfa_dos": "CF",          "nombre_iso": "Rep\u00fablica Centroafricana (la)",          "alfa_tres": "CAF",          "codigo_numerico": "140","codigo_dian_exogena":"640"       },
      {          "alfa_dos": "CZ",          "nombre_iso": "Chequia",          "alfa_tres": "CZE",          "codigo_numerico": "203","codigo_dian_exogena":"644"       },
      {          "alfa_dos": "DO",          "nombre_iso": "Dominicana, (la) Rep\u00fablica",          "alfa_tres": "DOM",          "codigo_numerico": "214","codigo_dian_exogena":"647"       },
      {          "alfa_dos": "RE",          "nombre_iso": "Reuni\u00f3n",          "alfa_tres": "REU",          "codigo_numerico": "638","codigo_dian_exogena":"660"       },
      {          "alfa_dos": "ZW",          "nombre_iso": "Zimbabue",          "alfa_tres": "ZWE",          "codigo_numerico": "716","codigo_dian_exogena":"665"       },
      {          "alfa_dos": "RO",          "nombre_iso": "Rumania",          "alfa_tres": "ROU",          "codigo_numerico": "642","codigo_dian_exogena":"670"       },
      {          "alfa_dos": "RW",          "nombre_iso": "Rwanda",          "alfa_tres": "RWA",          "codigo_numerico": "646","codigo_dian_exogena":"675"       },
      {          "alfa_dos": "RU",          "nombre_iso": "Rusia, (la) Federaci\u00f3n de",          "alfa_tres": "RUS",          "codigo_numerico": "643","codigo_dian_exogena":"676"       },
      {          "alfa_dos": "SB",          "nombre_iso": "Salom\u00f3n, Islas",          "alfa_tres": "SLB",          "codigo_numerico": "090","codigo_dian_exogena":"677"       },
      {          "alfa_dos": "EH",          "nombre_iso": "Democr\u00e1ticaSahara Occidental",          "alfa_tres": "ESH",          "codigo_numerico": "732","codigo_dian_exogena":"685"       },
      {          "alfa_dos": "WS",          "nombre_iso": "Samoa",          "alfa_tres": "WSM",          "codigo_numerico": "882","codigo_dian_exogena":"687"       },
      {          "alfa_dos": "AS",          "nombre_iso": "Samoa Americana",          "alfa_tres": "ASM",          "codigo_numerico": "016","codigo_dian_exogena":"690"       },
      {          "alfa_dos": "KN",          "nombre_iso": "Saint Kitts y Nevis",          "alfa_tres": "KNA",          "codigo_numerico": "659","codigo_dian_exogena":"695"       },
      {          "alfa_dos": "SM",          "nombre_iso": "San Marino",          "alfa_tres": "SMR",          "codigo_numerico": "674","codigo_dian_exogena":"697"       },
      {          "alfa_dos": "PM",          "nombre_iso": "San Pedro y Miquel\u00f3n",          "alfa_tres": "SPM",          "codigo_numerico": "666","codigo_dian_exogena":"700"       },
      {          "alfa_dos": "VC",          "nombre_iso": "San Vicente y las Granadinas",          "alfa_tres": "VCT",          "codigo_numerico": "670","codigo_dian_exogena":"705"       },
      {          "alfa_dos": "SH",          "nombre_iso": "Santa Helena, Ascensi\u00f3n y Trist\u00e1n de Acu\u00f1a",          "alfa_tres": "SHN",          "codigo_numerico": "654","codigo_dian_exogena":"710"       },
      {          "alfa_dos": "LC",          "nombre_iso": "Santa Luc\u00eda",          "alfa_tres": "LCA",          "codigo_numerico": "662","codigo_dian_exogena":"715"       },
      {          "alfa_dos": "ST",          "nombre_iso": "Santo Tom\u00e9 Y Pr\u00edncipe",          "alfa_tres": "STP",          "codigo_numerico": "678","codigo_dian_exogena":"720"       },
      {          "alfa_dos": "SN",          "nombre_iso": "Senegal",          "alfa_tres": "SEN",          "codigo_numerico": "686","codigo_dian_exogena":"728"       },
      {          "alfa_dos": "SC",          "nombre_iso": "Seychelles",          "alfa_tres": "SYC",          "codigo_numerico": "690","codigo_dian_exogena":"731"       },
      {          "alfa_dos": "SL",          "nombre_iso": "Sierra Leona",          "alfa_tres": "SLE",          "codigo_numerico": "694","codigo_dian_exogena":"735"       },
      {          "alfa_dos": "SG",          "nombre_iso": "Singapur",          "alfa_tres": "SGP",          "codigo_numerico": "702","codigo_dian_exogena":"741"       },
      {          "alfa_dos": "SY",          "nombre_iso": "Rep\u00fablica \u00c1rabe Siria",          "alfa_tres": "SYR",          "codigo_numerico": "760","codigo_dian_exogena":"744"       },
      {          "alfa_dos": "SO",          "nombre_iso": "Somalia",          "alfa_tres": "SOM",          "codigo_numerico": "706","codigo_dian_exogena":"748"       },
      {          "alfa_dos": "LK",          "nombre_iso": "Sri Lanka",          "alfa_tres": "LKA",          "codigo_numerico": "144","codigo_dian_exogena":"750"       },
      {          "alfa_dos": "ZA",          "nombre_iso": "Sud\u00e1frica",          "alfa_tres": "ZAF",          "codigo_numerico": "710","codigo_dian_exogena":"756"       },
      {          "alfa_dos": "SD",          "nombre_iso": "Sud\u00e1n (el)",          "alfa_tres": "SDN",          "codigo_numerico": "729","codigo_dian_exogena":"759"       },
      {          "alfa_dos": "SE",          "nombre_iso": "Suecia",          "alfa_tres": "SWE",          "codigo_numerico": "752","codigo_dian_exogena":"764"       },
      {          "alfa_dos": "CH",          "nombre_iso": "Suiza",          "alfa_tres": "CHE",          "codigo_numerico": "756","codigo_dian_exogena":"767"       },
      {          "alfa_dos": "SR",          "nombre_iso": "Suriname",          "alfa_tres": "SUR",          "codigo_numerico": "740","codigo_dian_exogena":"770"       },
      {          "alfa_dos": "SZ",          "nombre_iso": "Swazilandia",          "alfa_tres": "SWZ",          "codigo_numerico": "748","codigo_dian_exogena":"773"       },
      {          "alfa_dos": "TJ",          "nombre_iso": "Tayikist\u00e1n",          "alfa_tres": "TJK",          "codigo_numerico": "762","codigo_dian_exogena":"774"       },
      {          "alfa_dos": "TH",          "nombre_iso": "Tailandia",          "alfa_tres": "THA",          "codigo_numerico": "764","codigo_dian_exogena":"776"       },
      {          "alfa_dos": "TZ",          "nombre_iso": "Tanzania, Rep\u00fablica Unida de",          "alfa_tres": "TZA",          "codigo_numerico": "834","codigo_dian_exogena":"780"       },
      {          "alfa_dos": "DJ",          "nombre_iso": "Djibouti",          "alfa_tres": "DJI",          "codigo_numerico": "262","codigo_dian_exogena":"783"       },
      {          "alfa_dos": "IO",          "nombre_iso": "Territorio Brit\u00e1nico del Oc\u00e9ano \u00cdndico (el)",          "alfa_tres": "OIT",          "codigo_numerico": "086","codigo_dian_exogena":"787"       },
      {          "alfa_dos": "TG",          "nombre_iso": "Togo",          "alfa_tres": "TGO",          "codigo_numerico": "768","codigo_dian_exogena":"800"       },
      {          "alfa_dos": "TK",          "nombre_iso": "Tokelau",          "alfa_tres": "TKL",          "codigo_numerico": "772","codigo_dian_exogena":"805"       },
      {          "alfa_dos": "TO",          "nombre_iso": "Tonga",          "alfa_tres": "TON",          "codigo_numerico": "776","codigo_dian_exogena":"810"       },
      {          "alfa_dos": "TT",          "nombre_iso": "Trinidad y Tobago",          "alfa_tres": "TTO",          "codigo_numerico": "780","codigo_dian_exogena":"815"       },
      {          "alfa_dos": "TN",          "nombre_iso": "T\u00fanez",          "alfa_tres": "TUN",          "codigo_numerico": "788","codigo_dian_exogena":"820"       },
      {          "alfa_dos": "TC",          "nombre_iso": "Turcas y Caicos, (las) islas",          "alfa_tres": "TCA",          "codigo_numerico": "796","codigo_dian_exogena":"823"       },
      {          "alfa_dos": "TM",          "nombre_iso": "Turkmenist\u00e1n",          "alfa_tres": "TKM",          "codigo_numerico": "795","codigo_dian_exogena":"825"       },
      {          "alfa_dos": "TR",          "nombre_iso": "Turqu\u00eda",          "alfa_tres": "TUR",          "codigo_numerico": "792","codigo_dian_exogena":"827"       },
      {          "alfa_dos": "TV",          "nombre_iso": "Tuvalu",          "alfa_tres": "TUV",          "codigo_numerico": "798","codigo_dian_exogena":"828"       },
      {          "alfa_dos": "UA",          "nombre_iso": "Ucrania",          "alfa_tres": "UKR",          "codigo_numerico": "804","codigo_dian_exogena":"830"       },
      {          "alfa_dos": "UG",          "nombre_iso": "Uganda",          "alfa_tres": "UGA",          "codigo_numerico": "800","codigo_dian_exogena":"833"       },
      {          "alfa_dos": "UY",          "nombre_iso": "Uruguay",          "alfa_tres": "URY",          "codigo_numerico": "858","codigo_dian_exogena":"845"       },
      {          "alfa_dos": "UZ",          "nombre_iso": "Uzbekist\u00e1n",          "alfa_tres": "UZB",          "codigo_numerico": "860","codigo_dian_exogena":"847"       },
      {          "alfa_dos": "VE",          "nombre_iso": "Venezuela (Rep\u00fablica Bolivariana de)",          "alfa_tres": "VEN",          "codigo_numerico": "862","codigo_dian_exogena":"850"       },
      {          "alfa_dos": "VN",          "nombre_iso": "Viet Nam",          "alfa_tres": "VNM",          "codigo_numerico": "704","codigo_dian_exogena":"855"       },
      {          "alfa_dos": "VG",          "nombre_iso": "V\u00edrgenes brit\u00e1nicas, Islas",          "alfa_tres": "VGB",          "codigo_numerico": "092","codigo_dian_exogena":"863"       },
      {          "alfa_dos": "VI",          "nombre_iso": "V\u00edrgenes de los Estados Unidos, Islas",          "alfa_tres": "VIR",          "codigo_numerico": "850","codigo_dian_exogena":"866"       },
      {          "alfa_dos": "FJ",          "nombre_iso": "Fiji",          "alfa_tres": "FJI",          "codigo_numerico": "242","codigo_dian_exogena":"870"       },
      {          "alfa_dos": "WF",          "nombre_iso": "Wallis y Futuna",          "alfa_tres": "WLF",          "codigo_numerico": "876","codigo_dian_exogena":"875"       },
      {          "alfa_dos": "YE",          "nombre_iso": "Yemen",          "alfa_tres": "YEM",          "codigo_numerico": "887","codigo_dian_exogena":"880"       },
      {          "alfa_dos": "CD",          "nombre_iso": "Congo (la Rep\u00fablica Democr\u00e1tica del)",          "alfa_tres": "COD",          "codigo_numerico": "180","codigo_dian_exogena":"888"       },
      {          "alfa_dos": "ZM",          "nombre_iso": "Zambia",          "alfa_tres": "ZMB",          "codigo_numerico": "894","codigo_dian_exogena":"890"       },
      {          "alfa_dos": "PS",          "nombre_iso": "Palestina, Estado de",          "alfa_tres": "PSE",          "codigo_numerico": "275","codigo_dian_exogena":"897"       },
      {          "alfa_dos": "AX",          "nombre_iso": "\u00c5land, Islas",          "alfa_tres": "ALA",          "codigo_numerico": "248","codigo_dian_exogena":""       },
      {          "alfa_dos": "AQ",          "nombre_iso": "Ant\u00e1rtida",          "alfa_tres": "ATA",          "codigo_numerico": "010","codigo_dian_exogena":""       },
      {          "alfa_dos": "BQ",          "nombre_iso": "Bonaire, San Eustaquio y Saba",          "alfa_tres": "BES",          "codigo_numerico": "535","codigo_dian_exogena":""       },
      {          "alfa_dos": "CW",          "nombre_iso": "Cura\u00e7ao",          "alfa_tres": "CUW",          "codigo_numerico": "531","codigo_dian_exogena":""       },
      {          "alfa_dos": "GG",          "nombre_iso": "Guernsey",          "alfa_tres": "GGY",          "codigo_numerico": "831","codigo_dian_exogena":""       },
      {          "alfa_dos": "BV",          "nombre_iso": "Bouvet, Isla",          "alfa_tres": "BVT",          "codigo_numerico": "074","codigo_dian_exogena":""       },
      {          "alfa_dos": "IM",          "nombre_iso": "Isla de Man",          "alfa_tres": "IMN",          "codigo_numerico": "833","codigo_dian_exogena":""       },
      {          "alfa_dos": "GS",          "nombre_iso": "Georgia del Sur (la) y las Islas Sandwich del Sur",          "alfa_tres": "SGS",          "codigo_numerico": "239","codigo_dian_exogena":""       },
      {          "alfa_dos": "HM",          "nombre_iso": "Heard (Isla) e Islas McDonald",          "alfa_tres": "HMD",          "codigo_numerico": "334","codigo_dian_exogena":""       },
      {          "alfa_dos": "FK",          "nombre_iso": "Malvinas [Falkland],(las) Islas",          "alfa_tres": "FLK",          "codigo_numerico": "238","codigo_dian_exogena":""       },
      {          "alfa_dos": "JE",          "nombre_iso": "Jersey",          "alfa_tres": "JEY",          "codigo_numerico": "832","codigo_dian_exogena":""       },
      {          "alfa_dos": "YT",          "nombre_iso": "Mayotte",          "alfa_tres": "MYT",          "codigo_numerico": "175","codigo_dian_exogena":""       },
      {          "alfa_dos": "ME",          "nombre_iso": "Montenegro",          "alfa_tres": "MNE",          "codigo_numerico": "499","codigo_dian_exogena":""       },
      {          "alfa_dos": "MM",          "nombre_iso": "Myanmar",          "alfa_tres": "MMR",          "codigo_numerico": "104","codigo_dian_exogena":""       },
      {          "alfa_dos": "BL",          "nombre_iso": "Saint Barth\u00e9lemy",          "alfa_tres": "BLM",          "codigo_numerico": "652","codigo_dian_exogena":""       },
      {          "alfa_dos": "MF",          "nombre_iso": "Saint Martin (parte francesa)",          "alfa_tres": "MAF",          "codigo_numerico": "663","codigo_dian_exogena":""       },
      {          "alfa_dos": "RS",          "nombre_iso": "Serbia",          "alfa_tres": "SRB",          "codigo_numerico": "688","codigo_dian_exogena":""       },
      {          "alfa_dos": "SX",          "nombre_iso": "Sint Maarten (parte neerlandesa)",          "alfa_tres": "SXM",          "codigo_numerico": "534","codigo_dian_exogena":""       },
      {          "alfa_dos": "SS",          "nombre_iso": "Sud\u00e1n del Sur",          "alfa_tres": "SSD",          "codigo_numerico": "728","codigo_dian_exogena":""       },
      {          "alfa_dos": "SJ",          "nombre_iso": "Svalbard y Jan Mayen",          "alfa_tres": "SJM",          "codigo_numerico": "744","codigo_dian_exogena":""       },
      {          "alfa_dos": "TF",          "nombre_iso": "Tierras Australes Francesas (las)",          "alfa_tres": "ATF",          "codigo_numerico": "260","codigo_dian_exogena":""       },
      {          "alfa_dos": "TL",          "nombre_iso": "Timor-Leste",          "alfa_tres": "TLS",          "codigo_numerico": "626","codigo_dian_exogena":""       },
      {          "alfa_dos": "VA",          "nombre_iso": "Santa Sede (la)",          "alfa_tres": "VAT",          "codigo_numerico": "336","codigo_dian_exogena":""       }
   ]
}