<odoo>
    <data noupdate="0">
        <record id="l10n_co_cei.tax_type_0" model="l10n_co_cei.tax_type">
            <field name="name">IVA</field>
            <field name="code">01</field>
            <field name="description">Impuesto de Valor Agregado</field>
        </record>
        <record id="l10n_co_cei.tax_type_1" model="l10n_co_cei.tax_type">
            <field name="name">IC</field>
            <field name="code">02</field>
            <field name="description">Impuesto al Consumo</field>
        </record>
        <record id="l10n_co_cei.tax_type_2" model="l10n_co_cei.tax_type">
            <field name="name">ICA</field>
            <field name="code">03</field>
            <field name="description">Impuesto de Industria, Comercio y Aviso</field>
        </record>
        <record id="l10n_co_cei.tax_type_3" model="l10n_co_cei.tax_type">
            <field name="name">INC</field>
            <field name="code">04</field>
            <field name="description">Impuesto Nacional al Consumo</field>
        </record>
        <record id="l10n_co_cei.tax_type_4" model="l10n_co_cei.tax_type">
            <field name="name">ReteIVA</field>
            <field name="code">05</field>
            <field name="description">Retención sobre el IVA</field>
        </record>
        <record id="l10n_co_cei.tax_type_5" model="l10n_co_cei.tax_type">
            <field name="name">ReteRenta</field>
            <field name="code">06</field>
            <field name="description">Retención sobre Renta</field>
        </record>
        <record id="l10n_co_cei.tax_type_6" model="l10n_co_cei.tax_type">
            <field name="name">ReteICA</field>
            <field name="code">07</field>
            <field name="description">Retención sobre el ICA</field>
        </record>
        <record id="l10n_co_cei.tax_type_16" model="l10n_co_cei.tax_type">
            <field name="name">IC Porcentual</field>
            <field name="code">08</field>
            <field name="description">Impuesto al Consumo Departamental Porcentual</field>
        </record>
        <record id="l10n_co_cei.tax_type_7" model="l10n_co_cei.tax_type">
            <field name="name">FtoHoticultura</field>
            <field name="code">20</field>
            <field name="description">Cuota de Fomento Hortifrutícula</field>
        </record>
        <record id="l10n_co_cei.tax_type_8" model="l10n_co_cei.tax_type">
            <field name="name">Timbre</field>
            <field name="code">21</field>
            <field name="description">Impuesto de Timbre</field>
        </record>
        <record id="l10n_co_cei.tax_type_9" model="l10n_co_cei.tax_type">
            <field name="name">INC Bolsas</field>
            <field name="code">22</field>
            <field name="description">Impuesto al Consumo de Bolsa Plástica</field>
        </record>
        <record id="l10n_co_cei.tax_type_10" model="l10n_co_cei.tax_type">
            <field name="name">INCarbono</field>
            <field name="code">23</field>
            <field name="description">Impuesto Nacional al Carbono</field>
        </record>
        <record id="l10n_co_cei.tax_type_11" model="l10n_co_cei.tax_type">
            <field name="name">INCombustibles</field>
            <field name="code">24</field>
            <field name="description">Impuesto Nacional a los Combustibles</field>
        </record>
        <record id="l10n_co_cei.tax_type_12" model="l10n_co_cei.tax_type">
            <field name="name">Sobretasa Combustibles</field>
            <field name="code">25</field>
            <field name="description">Sobretasa a los combustibles</field>
        </record>
        <record id="l10n_co_cei.tax_type_13" model="l10n_co_cei.tax_type">
            <field name="name">Sordicom</field>
            <field name="code">26</field>
            <field name="description">Contribución minoristas (Combustibles)</field>
        </record>
        <record id="l10n_co_cei.tax_type_17" model="l10n_co_cei.tax_type">
            <field name="name">IC Datos</field>
            <field name="code">30</field>
            <field name="description">Impuesto al Consumo de Datos</field>
        </record>
        <record id="l10n_co_cei.tax_type_15" model="l10n_co_cei.tax_type">
            <field name="name">Nombre de la figura tributaria</field>
            <field name="code">ZZ</field>
            <field name="description">Otros Tributos, tasas, contribuciones, y similares</field>
        </record>
    </data>
</odoo>