<odoo>
    <data noupdate="0">
        <record id="approve_invoice_fe_email_template" model="mail.template">
            <field name="name">Aprobación Factura Electrónica</field>
            <field name="use_default_to" eval="False"/>
            <field name="email_to">${object.partner_id.fe_correo_electronico}</field>
            <field name="subject">${object.company_id.partner_id.fe_nit};${object.company_id.name};${object.name};${object.category_resolution_dian_id.code};${object.company_id.name}</field>
            <field name="model_id" ref="account.model_account_move"/>
            <field name="partner_to" >${object.partner_id.id}</field>
            <field name="report_name">${object.filename}</field>
            <field name="auto_delete" eval="False"/>
            <field name="body_html"><![CDATA[
                <style>
                    <link rel='stylesheet' href='${object.get_base_url()}/web/static/lib/bootstrap/css/bootstrap.css'/>
                </style>
                <div style="background:#F0F0F0;color:#515166;padding:10px 0px;font-family:Arial,Helvetica,sans-serif;font-size:14px;">
                    % set access_token = object.access_token
                    % set document_name = object.type
                    % set debit = object.es_nota_debito
                    % set id_doc = object.id
                    % set nombre_doc = ''
                    % if document_name == 'out_invoice' and not debit:
                    %     set nombre_doc = 'Factura'
                    % endif
                    % if document_name == 'out_refund':
                    %     set nombre_doc = 'Nota Crédito'
                    % endif
                    % if document_name == 'out_invoice' and debit:
                    %     set nombre_doc = 'Nota Débito'
                    % endif
                    <table style="width:600px;margin:5px auto;">
                        <tbody>
                            <tr>
                                <td>
                                    <img src="/logo.png?company=${object.company_id.id}" style="vertical-align:baseline;max-width:100px;"/>
                                </td>
                                <td style="text-align:right;vertical-align:middle;">
                                    ${object.company_id.name} - Aprobación ${nombre_doc} Electrónica - ${object.name}
                                </td>
                            </tr>
                        </tbody>
                    </table>
                    <table style="width:600px;margin:0px auto;background:white;border:1px solid #e1e1e1;">
                        <tbody>
                            <tr>
                                <td style="padding:15px 20px 10px 20px;">
                                    <p>Hola,</p>
                                    <p>Por favor tome un momento para revisar la ${nombre_doc} Electrónica "<strong>${object.name}</strong>" que se ha generado a su nombre.</p>
                                    <p>Agradecemos sus comentarios. Nos ayuda a mejorar continuamente.</p>
                                </td>
                            </tr>
                            <tr>
                                <td style="padding:10px 20px">
                                    <table summary="o_mail_notification" style="width:100%;border-top:1px solid #e1e1e1;">
                                        <tbody>
                                            <tr>
                                                <td style="text-align:center;">
                                                        <h2 style="font-weight:300;font-size:18px;">
                                                            Después de revisar el archivo adjunto, por favor <b>Apruebe</b> o <b>Rechace</b> La ${nombre_doc} Electrónica recibida:
                                                        </h2>
                                                    <div style="text-color:#888888">(Dar click sobre la opción deseada)</div>
                                                </td>
                                            </tr>
                                            <tr>
                                                <td style="padding:10px 10px;">
                                                    <table style="width:100%;text-align:center;">
                                                        <tbody>
                                                            <tr>
                                                                <td>
                                                                    <a href="${object.get_base_url()}/mail/view?model=account.move&amp;res_id=${id_doc}&amp;access_token=${access_token}" style="background-color:#875a7b;padding:8px 16px 8px 16px;color:#fff;border-radius:5px;font-size:13px">
                                                                    Ver ${nombre_doc}</a>
                                                                </td>

                                                                <td>
                                                                    <a href="${object.get_base_url()}/approve-factura-electronica/${access_token}/True" style="background-color:#579E36;padding:8px 16px 8px 16px;color:#fff;border-radius:5px;font-size:13px">
                                                                    Aprobar</a>
                                                                </td>
                                                                <td>
                                                                    <a href="${object.get_base_url()}/approve-factura-electronica/${access_token}/False" style="background-color:#B1432D;padding:8px 16px 8px 16px;color:#fff;border-radius:5px;font-size:13px">
                                                                    Rechazar</a>
                                                                </td>
                                                            </tr>
                                                        </tbody>
                                                    </table>
                                                </td>
                                            </tr>
                                        </tbody>
                                    </table>
                                </td>
                            </tr>
                        </tbody>
                    </table>
                    <table style="width:600px;margin:auto;text-align:center;font-size:12px;">
                        <tbody>
                            <tr>
                                <td style="padding-top:10px;color:#afafaf;">
                                    <p>Email automatically sent by <a target="_blank" href="https://www.odoo.com/page/project-management" style="color:#875A7B;">Odoo Project</a> for <a href="${object.company_id.website}" style="color:#875A7B;">${object.company_id.name}</a></p>
                                </td>
                            </tr>
                        </tbody>
                    </table>
                </div>
            ]]>
            </field>
        </record>
    </data>
</odoo>