<odoo>
    <data noupdate="0">
        <record model="ir.cron" id="l10n_co_cei.envio_dian_cron">
            <field name="name">Enviar facturas - DIAN</field>
            <field name="model_id" ref="account.model_account_move"/>
            <field eval="True" name="active"/>
            <field name="state">code</field>
            <field name="code">model.cron_envio_dian()</field>
            <field name="interval_number">1</field>
            <field name="numbercall">-1</field>
            <field name="interval_type">minutes</field>
        </record>
    </data>
</odoo>
